crt_50_50,crt_45_55_vehicle1,crt_55_45_vehicle2,crt_40_60_vehicle1,crt_60_40_vehicle2
6.863933,16.460031,9.773406,15.164223,15.16224
6.50137,9.180356,14.926269,8.678753,10.109118
7.524971,9.223056,14.634972,9.388458,12.095776
