Condition 1,Condition 2,Condition 3
2.616937,10.936604,12.663017
2.24146,4.2405349999999995,12.664007
3.2611049999999997,9.383987999999999,6.195914

