median_50_50,median_55_45,median_60_40
12.088282,16.53602,14.6537895
