median_50_50,median_55_45,median_60_40
8.645193,5.844531999999999,8.54926
