median_50_50,median_55_45,median_60_40
10.540803,16.175644499999997,13.116702
