median_50_50,median_55_45_v1,median_55_45_v2,median_60_40_v1,median_60_40_v2
182.8603374227372,296.6972129606577,299.42298713622426,299.02728597956775,297.0220658374739
