median_50_50,median_45_55_right,median_55_45_left,median_40_60_right,median_60_40_left
10.540803,17.1746965,15.6830335,13.319482,13.7943645
