median_50_50,median_55_45_v1,median_55_45_v2,median_60_40_v1,median_60_40_v2
168.17608417864122,273.07289328812465,271.1858245947646,290.9526451526261,287.7247571045419
