median_50_50,median_55_45_behind,median_55_45_ahead,median_60_40_behind,median_60_40_ahead
10.540803,17.1746965,15.6830335,13.319482,13.7943645
